<?xml version="1.0" encoding="ISO-8859-1"?>
<!--This file contains all the Entity and Attribute Information--><gfc:FC_FeatureCatalogue xmlns:gmx="http://www.isotc211.org/2005/gmx"
                         xmlns:gco="http://www.isotc211.org/2005/gco"
                         xmlns:gmd="http://www.isotc211.org/2005/gmd"
                         xmlns:xlink="http://www.w3.org/1999/xlink"
                         xmlns:gml="http://www.opengis.net/gml/3.2"
                         xmlns:gfc="http://www.isotc211.org/2005/gfc">
   <gmx:name>
      <gco:CharacterString>Feature Catalog for the  Current Tribal Census Tract National </gco:CharacterString>
   </gmx:name>
   <gmx:scope>
      <gco:CharacterString>The Current Tribal Census Tract National  shapefile contains attributes for a tribal block group. This is a cluster of census tabulation blocks within a single tribal census tract delineated by American Indian tribal participants or the Census Bureau for the purpose of presenting demographic data on their reservation and/or off-reservation trust land.</gco:CharacterString>
   </gmx:scope>
   <gmx:versionNumber>
      <gco:CharacterString>2015</gco:CharacterString>
   </gmx:versionNumber>
   <gmx:versionDate>
      <gco:Date>2015-06-01</gco:Date>
   </gmx:versionDate>
   <gmx:language>
      <gco:CharacterString>eng</gco:CharacterString>
   </gmx:language>
   <gmx:characterSet>
      <gmd:MD_CharacterSetCode codeList="http://www.isotc211.org/2005/resources/Codelist/gmxCodelists.xml#MD_CharacterSetCode"
                               codeListValue="utf8"
                               codeSpace="004">utf8
            </gmd:MD_CharacterSetCode>
   </gmx:characterSet>
   <gfc:producer xlink:href="https://www.ngdc.noaa.gov/docucomp/c5ceb003-1ed6-4126-8a16-bc08ce8fc267"
                 xlink:title="U.S. Department of Commerce, U.S. Census Bureau, Geography Division, Geographic Products Branch"/>
   <gfc:featureType>
      <gfc:FC_FeatureType>
         <gfc:typeName>
            <gco:LocalName>TTRACT.shp</gco:LocalName>
         </gfc:typeName>
         <gfc:definition>
            <gco:CharacterString>Current Tribal Census Tract National</gco:CharacterString>
         </gfc:definition>
         <gfc:isAbstract>
            <gco:Boolean>false</gco:Boolean>
         </gfc:isAbstract>
         <gfc:featureCatalogue uuidref="2015_ttract.ea.iso.xml"/>
         <gfc:carrierOfCharacteristics>
            <gfc:FC_FeatureAttribute>
               <gfc:memberName>
                  <gco:LocalName>AIANNHCE</gco:LocalName>
               </gfc:memberName>
               <gfc:definition>
                  <gco:CharacterString>Current American Indian/Alaska Native/ Native Hawaiian area census code. Legal federally recognized American Indian area code.</gco:CharacterString>
               </gfc:definition>
               <gfc:cardinality gco:nilReason="unknown"/>
               <gfc:definitionReference xlink:title="U.S. Census Bureau"
                                        xlink:href="http://www.ngdc.noaa.gov/docucomp/eb139e38-ee29-4d59-b157-5e874d4420c4"/>
               <gfc:listedValue>
                  <gfc:FC_ListedValue>
                     <gfc:label gco:nilReason="inapplicable"/>
                     <gfc:definition>
                        <gco:CharacterString>
                                            Range Domain Minimum: 0001
                                            Range Domain Maximum: 4999</gco:CharacterString>
                     </gfc:definition>
                  </gfc:FC_ListedValue>
               </gfc:listedValue>
            </gfc:FC_FeatureAttribute>
         </gfc:carrierOfCharacteristics>
         <gfc:carrierOfCharacteristics>
            <gfc:FC_FeatureAttribute>
               <gfc:memberName>
                  <gco:LocalName>TTRACTCE</gco:LocalName>
               </gfc:memberName>
               <gfc:definition>
                  <gco:CharacterString>Current tribal census tract code</gco:CharacterString>
               </gfc:definition>
               <gfc:cardinality gco:nilReason="unknown"/>
               <gfc:definitionReference xlink:title="U.S. Census Bureau"
                                        xlink:href="http://www.ngdc.noaa.gov/docucomp/eb139e38-ee29-4d59-b157-5e874d4420c4"/>
               <gfc:listedValue>
                  <gfc:FC_ListedValue>
                     <gfc:label gco:nilReason="inapplicable"/>
                     <gfc:definition>
                        <gco:CharacterString>
                                            Range Domain Minimum: T00000
                                            Range Domain Maximum: T98999</gco:CharacterString>
                     </gfc:definition>
                  </gfc:FC_ListedValue>
               </gfc:listedValue>
            </gfc:FC_FeatureAttribute>
         </gfc:carrierOfCharacteristics>
         <gfc:carrierOfCharacteristics>
            <gfc:FC_FeatureAttribute>
               <gfc:memberName>
                  <gco:LocalName>GEOID</gco:LocalName>
               </gfc:memberName>
               <gfc:definition>
                  <gco:CharacterString>Tribal census tract identifier; a concatenation of American Indian Area/Alaska Native/Native Hawaiian area census code and tribal census tract code</gco:CharacterString>
               </gfc:definition>
               <gfc:cardinality gco:nilReason="unknown"/>
               <gfc:definitionReference xlink:title="U.S. Census Bureau"
                                        xlink:href="http://www.ngdc.noaa.gov/docucomp/eb139e38-ee29-4d59-b157-5e874d4420c4"/>
               <gfc:listedValue>
                  <gfc:FC_ListedValue>
                     <gfc:label gco:nilReason="inapplicable"/>
                     <gfc:definition>
                        <gco:CharacterString>The GEOID attribute is a concatenation of the American Indian Area/Alaska Native/Native Hawaiian area census code followed by the tribal census tract code. No spaces are allowed between the two codes. The American Indian Area/Alaska Native/Native Hawaiian area census code is taken from "AIANNHCE". The tribal census tract code is taken from "TTRACTCE".</gco:CharacterString>
                     </gfc:definition>
                  </gfc:FC_ListedValue>
               </gfc:listedValue>
            </gfc:FC_FeatureAttribute>
         </gfc:carrierOfCharacteristics>
         <gfc:carrierOfCharacteristics>
            <gfc:FC_FeatureAttribute>
               <gfc:memberName>
                  <gco:LocalName>NAME</gco:LocalName>
               </gfc:memberName>
               <gfc:definition>
                  <gco:CharacterString>Current tribal census tract name, consisting of the first four characters of the tribal census tract code</gco:CharacterString>
               </gfc:definition>
               <gfc:cardinality gco:nilReason="unknown"/>
               <gfc:definitionReference xlink:title="U.S. Census Bureau"
                                        xlink:href="http://www.ngdc.noaa.gov/docucomp/eb139e38-ee29-4d59-b157-5e874d4420c4"/>
               <gfc:listedValue>
                  <gfc:FC_ListedValue>
                     <gfc:label gco:nilReason="inapplicable"/>
                     <gfc:definition>
                        <gco:CharacterString>Refer to the codes that appear in TTRACTCE10.</gco:CharacterString>
                     </gfc:definition>
                  </gfc:FC_ListedValue>
               </gfc:listedValue>
            </gfc:FC_FeatureAttribute>
         </gfc:carrierOfCharacteristics>
         <gfc:carrierOfCharacteristics>
            <gfc:FC_FeatureAttribute>
               <gfc:memberName>
                  <gco:LocalName>NAMELSAD</gco:LocalName>
               </gfc:memberName>
               <gfc:definition>
                  <gco:CharacterString>Current translated legal/statistical area description and the tribal census tract name</gco:CharacterString>
               </gfc:definition>
               <gfc:cardinality gco:nilReason="unknown"/>
               <gfc:definitionReference xlink:title="U.S. Census Bureau"
                                        xlink:href="http://www.ngdc.noaa.gov/docucomp/eb139e38-ee29-4d59-b157-5e874d4420c4"/>
               <gfc:listedValue>
                  <gfc:FC_ListedValue>
                     <gfc:label>
                        <gco:CharacterString>IT</gco:CharacterString>
                     </gfc:label>
                     <gfc:definition>
                        <gco:CharacterString>Tribal Census Tract</gco:CharacterString>
                     </gfc:definition>
                     <gfc:definitionReference xlink:title="U.S. Census Bureau"
                                              xlink:href="http://www.ngdc.noaa.gov/docucomp/eb139e38-ee29-4d59-b157-5e874d4420c4"/>
                  </gfc:FC_ListedValue>
               </gfc:listedValue>
            </gfc:FC_FeatureAttribute>
         </gfc:carrierOfCharacteristics>
         <gfc:carrierOfCharacteristics>
            <gfc:FC_FeatureAttribute>
               <gfc:memberName>
                  <gco:LocalName>MTFCC</gco:LocalName>
               </gfc:memberName>
               <gfc:definition>
                  <gco:CharacterString>MAF/TIGER feature class code</gco:CharacterString>
               </gfc:definition>
               <gfc:cardinality gco:nilReason="unknown"/>
               <gfc:definitionReference xlink:title="U.S. Census Bureau"
                                        xlink:href="http://www.ngdc.noaa.gov/docucomp/eb139e38-ee29-4d59-b157-5e874d4420c4"/>
               <gfc:listedValue>
                  <gfc:FC_ListedValue>
                     <gfc:label>
                        <gco:CharacterString>G2400</gco:CharacterString>
                     </gfc:label>
                     <gfc:definition>
                        <gco:CharacterString>Tribal Census Tract</gco:CharacterString>
                     </gfc:definition>
                     <gfc:definitionReference xlink:title="U.S. Census Bureau"
                                              xlink:href="http://www.ngdc.noaa.gov/docucomp/eb139e38-ee29-4d59-b157-5e874d4420c4"/>
                  </gfc:FC_ListedValue>
               </gfc:listedValue>
            </gfc:FC_FeatureAttribute>
         </gfc:carrierOfCharacteristics>
         <gfc:carrierOfCharacteristics>
            <gfc:FC_FeatureAttribute>
               <gfc:memberName>
                  <gco:LocalName>ALAND</gco:LocalName>
               </gfc:memberName>
               <gfc:definition>
                  <gco:CharacterString>Current land area (square meters)</gco:CharacterString>
               </gfc:definition>
               <gfc:cardinality gco:nilReason="unknown"/>
               <gfc:definitionReference xlink:title="U.S. Census Bureau"
                                        xlink:href="http://www.ngdc.noaa.gov/docucomp/eb139e38-ee29-4d59-b157-5e874d4420c4"/>
               <gfc:listedValue>
                  <gfc:FC_ListedValue>
                     <gfc:label gco:nilReason="inapplicable"/>
                     <gfc:definition>
                        <gco:CharacterString>
                                            Range Domain Minimum: 0
                                            Range Domain Maximum: 9,999,999,999,999</gco:CharacterString>
                     </gfc:definition>
                  </gfc:FC_ListedValue>
               </gfc:listedValue>
            </gfc:FC_FeatureAttribute>
         </gfc:carrierOfCharacteristics>
         <gfc:carrierOfCharacteristics>
            <gfc:FC_FeatureAttribute>
               <gfc:memberName>
                  <gco:LocalName>AWATER</gco:LocalName>
               </gfc:memberName>
               <gfc:definition>
                  <gco:CharacterString>Current water area (square meters)</gco:CharacterString>
               </gfc:definition>
               <gfc:cardinality gco:nilReason="unknown"/>
               <gfc:definitionReference xlink:title="U.S. Census Bureau"
                                        xlink:href="http://www.ngdc.noaa.gov/docucomp/eb139e38-ee29-4d59-b157-5e874d4420c4"/>
               <gfc:listedValue>
                  <gfc:FC_ListedValue>
                     <gfc:label gco:nilReason="inapplicable"/>
                     <gfc:definition>
                        <gco:CharacterString>
                                            Range Domain Minimum: 0
                                            Range Domain Maximum: 9,999,999,999,999</gco:CharacterString>
                     </gfc:definition>
                  </gfc:FC_ListedValue>
               </gfc:listedValue>
            </gfc:FC_FeatureAttribute>
         </gfc:carrierOfCharacteristics>
         <gfc:carrierOfCharacteristics>
            <gfc:FC_FeatureAttribute>
               <gfc:memberName>
                  <gco:LocalName>INTPTLAT</gco:LocalName>
               </gfc:memberName>
               <gfc:definition>
                  <gco:CharacterString>Current latitude of the internal point</gco:CharacterString>
               </gfc:definition>
               <gfc:cardinality gco:nilReason="unknown"/>
               <gfc:definitionReference xlink:title="U.S. Census Bureau"
                                        xlink:href="http://www.ngdc.noaa.gov/docucomp/eb139e38-ee29-4d59-b157-5e874d4420c4"/>
               <gfc:listedValue>
                  <gfc:FC_ListedValue>
                     <gfc:label gco:nilReason="inapplicable"/>
                     <gfc:definition>
                        <gco:CharacterString>
                                            Range Domain Minimum: -90.000000
                                            Range Domain Maximum: 90.000000</gco:CharacterString>
                     </gfc:definition>
                  </gfc:FC_ListedValue>
               </gfc:listedValue>
            </gfc:FC_FeatureAttribute>
         </gfc:carrierOfCharacteristics>
         <gfc:carrierOfCharacteristics>
            <gfc:FC_FeatureAttribute>
               <gfc:memberName>
                  <gco:LocalName>INTPTLON</gco:LocalName>
               </gfc:memberName>
               <gfc:definition>
                  <gco:CharacterString>Current longitude of the internal point</gco:CharacterString>
               </gfc:definition>
               <gfc:cardinality gco:nilReason="unknown"/>
               <gfc:definitionReference xlink:title="U.S. Census Bureau"
                                        xlink:href="http://www.ngdc.noaa.gov/docucomp/eb139e38-ee29-4d59-b157-5e874d4420c4"/>
               <gfc:listedValue>
                  <gfc:FC_ListedValue>
                     <gfc:label gco:nilReason="inapplicable"/>
                     <gfc:definition>
                        <gco:CharacterString>
                                            Range Domain Minimum: -180.000000
                                            Range Domain Maximum: 180.000000</gco:CharacterString>
                     </gfc:definition>
                  </gfc:FC_ListedValue>
               </gfc:listedValue>
            </gfc:FC_FeatureAttribute>
         </gfc:carrierOfCharacteristics>
      </gfc:FC_FeatureType>
   </gfc:featureType>
</gfc:FC_FeatureCatalogue>